jalur,foto,time,x,y,z,o,p,k
1001,22,462008.121,357487.9240,9910244.28,1264.805,-0.14011,0.12649,90.25033
1001,23,462002.838,357780.2680,9910243.623,1265.144,-0.13898,0.13712,90.25257
1001,24,461997.570,358073.7280,9910243.442,1265.17,-0.13416,0.13321,90.24785
1001,25,461992.387,358364.1720,9910245.309,1265.25,-0.14603,0.13329,90.24833
1001,26,461987.137,358659.2560,9910246.4,1265.476,-0.14065,0.13137,90.24769
1001,27,461981.929,358952.4690,9910247.446,1266.143,-0.13995,0.13073,90.25307
1001,28,461976.786,359245.0730,9910246.891,1265.662,-0.14079,0.13,90.25477
1001,29,461971.687,359538.1910,9910246.219,1265.698,-0.14083,0.12438,90.265
1001,30,461966.633,359831.4730,9910246.005,1266.305,-0.13824,0.13487,90.25222
1001,31,461961.627,360123.3140,9910245.729,1266.48,-0.13833,0.13324,90.25241
1001,32,461956.595,360415.8780,9910244.773,1266.7,-0.13343,0.13427,90.2485
1001,33,461951.526,360709.4100,9910244.993,1266.402,-0.14091,0.13147,90.24748
1001,34,461946.483,360999.8860,9910245.753,1266.041,-0.1405,0.13147,90.24938
1001,35,461941.502,361285.2730,9910246.232,1266.07,-0.14257,0.13105,90.24992
1001,36,461936.207,361587.2810,9910247.083,1266.291,-0.14046,0.12936,90.25256
1001,37,461931.047,361880.3380,9910247.532,1265.792,-0.13729,0.1331,90.25776
1001,38,461925.997,362167.6630,9910247.425,1265.984,-0.13927,0.12892,90.25699
1001,39,461920.856,362459.1570,9910247.557,1266.182,-0.13286,0.12769,90.25831
1001,40,461915.535,362758.2080,9910247.382,1266.032,-0.13596,0.13234,90.25866
1001,41,461910.264,363051.2330,9910245.924,1265.921,-0.13923,0.13146,90.25909
1001,42,461904.949,363344.6360,9910244.17,1265.705,-0.14368,0.13195,90.26367
1001,43,461899.648,363637.0510,9910243.201,1264.991,-0.13733,0.13195,90.25951
1001,44,461894.396,363928.1020,9910242.792,1265.181,-0.14069,0.12985,90.26275
1001,45,461889.105,364222.1730,9910242.776,1265.546,-0.13886,0.12783,90.25465
1001,46,461883.862,364513.2680,9910241.894,1265.697,-0.1474,0.12968,90.25949
1001,47,461878.652,364803.8770,9910241.997,1265.538,-0.14036,0.13091,90.25977
1001,48,461873.389,365099.3940,9910242.351,1266.128,-0.13097,0.1312,90.25593
1001,49,461868.152,365394.1560,9910241.869,1266.037,-0.1409,0.13016,90.26437
1001,50,461862.955,365687.5450,9910242.06,1265.684,-0.1432,0.12893,90.26715
1001,51,461857.815,365979.3960,9910242.27,1265.81,-0.14084,0.13275,90.26273
1001,52,461852.657,366273.0300,9910242.168,1266.127,-0.13987,0.12593,90.26499
1001,53,461847.524,366565.1690,9910242.447,1266.338,-0.13905,0.13011,90.26455
1001,54,461842.409,366855.7700,9910243.337,1265.757,-0.13471,0.13083,90.26276
1001,55,461837.223,367150.2580,9910245.08,1265.718,-0.13837,0.12629,90.26914
1001,56,461832.031,367444.2800,9910248.87,1265.607,-0.13117,0.12953,90.2604
1001,57,461826.883,367736.7870,9910253.506,1265.887,-0.13879,0.12599,90.26387
1001,58,461821.779,368029.0340,9910256.314,1265.627,-0.13759,0.12939,90.27973
1001,59,461816.714,368320.1160,9910254.484,1264.567,-0.13871,0.13331,90.27406
1001,60,461811.698,368609.8350,9910252.126,1263.305,-0.13627,0.13548,90.26796
1001,61,461806.679,368899.8120,9910247.82,1264.982,-0.14824,0.13777,90.28027
1001,62,461801.549,369190.8860,9910247.825,1267.354,-0.13968,0.13033,90.28055
1012,69,460119.860,371193.9860,9903748.603,1264.993,-0.13876,0.12882,90.247
1012,70,460114.641,371493.0910,9903748.528,1264.944,-0.13915,0.12683,90.24992
1012,71,460109.474,371790.3030,9903747.79,1264.376,-0.14165,0.13139,90.2519
1012,72,460104.405,372083.8050,9903747.26,1264.621,-0.13984,0.1267,90.25096
1012,73,460099.254,372382.8840,9903747.927,1265.141,-0.1483,0.12418,90.25309
1012,74,460094.140,372679.0210,9903747.467,1265.208,-0.13657,0.13246,90.25884
1012,75,460089.053,372973.2910,9903745.271,1265.23,-0.14253,0.12622,90.25827
1012,76,460083.997,373266.3980,9903743.216,1265.198,-0.14982,0.13112,90.25568
1012,77,460078.918,373560.5100,9903741.876,1264.567,-0.14195,0.12703,90.25378
1012,78,460073.860,373853.3800,9903742.068,1264.582,-0.13778,0.12828,90.26023
1012,79,460068.776,374147.0390,9903742.693,1264.561,-0.14163,0.12665,90.25577
1012,80,460063.673,374440.7130,9903743.397,1265.141,-0.1345,0.13081,90.26277
1012,81,460058.519,374734.6180,9903744.32,1265.032,-0.14351,0.13298,90.25918
1012,82,460053.381,375025.5000,9903745.034,1264.758,-0.14321,0.12958,90.26292
1012,83,460048.167,375320.3020,9903744.894,1264.93,-0.13931,0.12931,90.26021
1012,84,460042.986,375612.7120,9903744.447,1264.698,-0.14108,0.1286,90.26178
1012,85,460037.831,375903.3740,9903744.437,1264.38,-0.14674,0.12701,90.25964
1012,86,460032.653,376195.6520,9903744.896,1264.318,-0.14118,0.12741,90.26327
1012,87,460027.489,376487.0710,9903745.235,1264.296,-0.13856,0.12757,90.26515
1012,88,460022.318,376778.3340,9903745.844,1264.196,-0.13736,0.13185,90.26536
1012,89,460017.137,377069.3510,9903746.01,1263.834,-0.14188,0.12852,90.26434
1012,90,460011.932,377361.4720,9903746.487,1263.597,-0.14267,0.12779,90.27074
1012,91,460006.898,377644.5470,9903747.275,1263.999,-0.14558,0.12986,90.26178
1012,92,460001.450,377951.2280,9903748.32,1264.195,-0.14371,0.12712,90.26509
1012,93,459996.253,378244.1140,9903749.369,1264.013,-0.14406,0.12416,90.2638
1012,94,459991.111,378534.6630,9903750.335,1264.07,-0.14253,0.12985,90.26637
1012,95,459985.977,378825.9390,9903751.223,1264.529,-0.14038,0.12678,90.26149
1012,96,459980.875,379116.3140,9903751.539,1264.937,-0.13602,0.12818,90.26454
1012,97,459975.785,379406.1140,9903752.1,1265.138,-0.13853,0.13,90.2636
1012,98,459970.701,379695.0150,9903752.766,1264.8,-0.13807,0.12764,90.26324
1012,99,459965.625,379983.4390,9903753.289,1264.589,-0.14084,0.13668,90.26508
1012,100,459960.465,380277.1330,9903753.644,1264.253,-0.14331,0.12705,90.27003
1013,70,460299.847,371414.2100,9903157.197,1262.93,0.14237,-0.13483,-89.70216
1013,71,460305.060,371700.6920,9903156.918,1263.081,0.15769,-0.13188,-89.69389
1013,72,460310.420,371995.1880,9903156.033,1263.23,0.14057,-0.13658,-89.7068
1013,73,460315.909,372297.7370,9903154.741,1263.759,0.13426,-0.13849,-89.70638
1013,74,460321.104,372585.2410,9903155.138,1263.64,0.13975,-0.13381,-89.70003
1013,75,460326.437,372881.6830,9903154.796,1263.817,0.14474,-0.13391,-89.70173
1013,76,460331.651,373172.9590,9903154.207,1263.832,0.14001,-0.13379,-89.6934
1013,77,460336.863,373465.4060,9903153.512,1263.905,0.14771,-0.13103,-89.70275
1013,78,460342.112,373759.9020,9903153.183,1263.788,0.14566,-0.12876,-89.70579
1013,79,460347.333,374053.6410,9903153.568,1263.581,0.14335,-0.13491,-89.69417
1013,80,460352.463,374342.8480,9903153.419,1263.104,0.143,-0.13105,-89.69579
1013,81,460357.684,374636.3390,9903153.823,1263.819,0.14362,-0.13387,-89.70626
1013,82,460362.881,374928.6980,9903153.68,1263.71,0.1378,-0.13128,-89.701
1013,83,460368.070,375221.7560,9903153.329,1263.7,0.13958,-0.13313,-89.70042
1013,84,460373.225,375514.1420,9903153.864,1263.597,0.14149,-0.13437,-89.70117
1013,85,460378.417,375809.2250,9903152.802,1263.777,0.14275,-0.13481,-89.70208
1013,86,460383.497,376097.7900,9903152.052,1263.33,0.13755,-0.13604,-89.70576
1013,87,460388.654,376389.4680,9903152.171,1263.129,0.14847,-0.13273,-89.6941
1013,88,460393.850,376681.2820,9903152.815,1263.283,0.13752,-0.13126,-89.70111
1013,89,460399.074,376972.4320,9903153.073,1263.548,0.14325,-0.13379,-89.69915
1013,90,460404.391,377267.0470,9903153.717,1263.322,0.14578,-0.13229,-89.69971
1013,91,460409.634,377555.7680,9903154.552,1263.431,0.14043,-0.13534,-89.69835
1013,92,460414.936,377847.1160,9903155.771,1263.274,0.14356,-0.13289,-89.70102
1013,93,460420.248,378139.2260,9903156.162,1263.268,0.14645,-0.13575,-89.69692
1013,94,460425.599,378434.8390,9903156.932,1263.547,0.14728,-0.13356,-89.7008
1013,95,460430.835,378726.7310,9903156.683,1264.246,0.14638,-0.13809,-89.70023
1014,38,460901.127,362135.7840,9902566.406,1265.34,-0.14116,0.1348,90.2721
1014,39,460895.983,362420.8350,9902566.936,1265.653,-0.14337,0.13291,90.26448
1014,40,460890.795,362708.6470,9902567.347,1265.928,-0.13954,0.13215,90.26555
1014,41,460885.600,362996.4420,9902566.872,1265.911,-0.13754,0.13059,90.26148
1014,42,460880.497,363278.6470,9902566.495,1265.867,-0.13849,0.13257,90.26558
1014,43,460875.065,363579.2060,9902565.145,1265.966,-0.1423,0.12648,90.26942
1014,44,460869.659,363878.3320,9902564.094,1265.955,-0.13949,0.13232,90.26551
1014,45,460864.412,364168.4090,9902563.573,1265.535,-0.13657,0.13581,90.2639
1014,46,460859.063,364463.6200,9902562.876,1265.339,-0.14027,0.12842,90.26745
1014,47,460853.723,364758.5380,9902563.075,1265.181,-0.14374,0.12745,90.26835
1014,48,460848.481,365047.6210,9902563.918,1265.059,-0.14012,0.12971,90.26592
1014,49,460843.117,365343.4040,9902564.242,1265.035,-0.14182,0.13401,90.26593
1014,50,460837.837,365635.3400,9902564.577,1265.367,-0.13958,0.1321,90.26669
1014,51,460832.584,365926.8540,9902564.288,1265.487,-0.13986,0.13251,90.26483
1014,52,460827.386,366216.6800,9902564.274,1265.88,-0.14212,0.13007,90.26206
1014,53,460822.114,366512.1050,9902564.16,1266.006,-0.1384,0.13053,90.26469
1014,54,460816.910,366804.1550,9902564.775,1265.685,-0.14719,0.12809,90.26963
1014,55,460811.706,367095.7910,9902565.872,1265.274,-0.14079,0.13208,90.26074
1014,56,460806.471,367388.3690,9902566.85,1265.444,-0.14064,0.1286,90.26527
1014,57,460801.238,367680.0410,9902567.374,1265.714,-0.14035,0.13102,90.26615
1014,58,460795.979,367972.6590,9902568.01,1266.144,-0.13701,0.1313,90.26614
1014,59,460790.739,368263.4040,9902568.649,1265.395,-0.14352,0.1312,90.27104
1014,60,460785.470,368556.5000,9902569.567,1264.561,-0.14129,0.12839,90.27038
1014,61,460780.329,368844.7930,9902570.193,1265.083,-0.14185,0.12695,90.27189
1014,62,460775.110,369139.2520,9902569.861,1265.674,-0.1398,0.13016,90.26934
1014,63,460769.997,369428.3680,9902569.299,1265.534,-0.14324,0.13106,90.26587
1014,64,460764.833,369720.3310,9902567.499,1265.658,-0.1407,0.13123,90.27113
1014,65,460759.674,370011.4590,9902564.161,1266.014,-0.14061,0.13531,90.27018
1014,66,460754.531,370300.1700,9902560.115,1265.371,-0.13775,0.12972,90.27503
1014,67,460749.368,370589.1930,9902558.185,1265.18,-0.13754,0.12934,90.26355
1014,68,460744.282,370874.1900,9902559.976,1265.166,-0.14044,0.12701,90.26997
1014,69,460738.942,371174.9670,9902560.623,1265.492,-0.14266,0.13475,90.27005
1014,70,460733.801,371465.0950,9902561.237,1265.518,-0.14602,0.12854,90.2676
1014,71,460728.633,371756.3400,9902561.474,1265.41,-0.13923,0.1309,90.2701
1014,72,460723.468,372047.1020,9902561.661,1265.474,-0.1381,0.1327,90.26899
1014,73,460718.366,372334.0910,9902562.46,1266.231,-0.14644,0.13034,90.27167
1014,74,460713.120,372628.0990,9902562.496,1265.956,-0.14172,0.13101,90.27232
1014,75,460707.906,372919.4030,9902562.109,1265.343,-0.14663,0.13247,90.27413
1014,76,460702.696,373209.4560,9902562.054,1265.043,-0.14221,0.13093,90.26863
1014,77,460697.472,373497.9290,9902562.357,1264.51,-0.13328,0.12798,90.2646
1014,78,460692.133,373791.7460,9902561.684,1264.495,-0.13246,0.1292,90.26036
1014,79,460686.867,374082.9340,9902560.179,1264.664,-0.13705,0.13217,90.26374
1014,80,460681.663,374373.0870,9902560.066,1264.131,-0.14244,0.13027,90.27486
1014,81,460676.462,374664.2740,9902561.026,1264.334,-0.13763,0.12439,90.27
1014,82,460671.326,374951.7870,9902562.106,1264.232,-0.14292,0.12934,90.27
1014,83,460666.097,375245.8210,9902562.496,1264.447,-0.14115,0.12703,90.27332
1014,84,460661.085,375529.9110,9902562.91,1264.917,-0.14318,0.13058,90.27753
1014,85,460655.880,375828.1130,9902563.921,1265.558,-0.14228,0.12845,90.27573
1014,86,460650.866,376118.5940,9902564.598,1265.641,-0.133,0.12826,90.26661
1014,87,460645.902,376408.1130,9902564.832,1265.875,-0.13696,0.12806,90.27184
1014,88,460640.859,376698.4680,9902564.558,1265.581,-0.14437,0.13181,90.27051
1014,89,460635.773,376987.4770,9902565.053,1265.417,-0.14597,0.13035,90.27385
1014,90,460630.611,377278.3460,9902565.373,1265.4,-0.13915,0.12795,90.27183
1014,91,460625.204,377580.1380,9902566.356,1265.222,-0.14445,0.13108,90.26906
1014,92,460619.775,377880.0390,9902567.79,1264.466,-0.13764,0.13159,90.26876
1014,93,460614.431,378173.0370,9902568.656,1264.14,-0.14191,0.1288,90.26834
1014,94,460608.947,378473.1180,9902568.519,1263.856,-0.13643,0.13068,90.27538
1014,95,460603.551,378769.0080,9902568.972,1264.462,-0.13525,0.13085,90.26895
1014,96,460598.185,379064.6490,9902569.92,1263.969,-0.14381,0.12705,90.27459
1015,58,461109.763,368020.0860,9901989.802,1264.641,0.1416,-0.13117,-89.70621
1015,59,461114.901,368307.2840,9901989.907,1264.814,0.143,-0.12958,-89.70247
1015,60,461120.071,368596.9960,9901990.747,1264.952,0.1421,-0.13367,-89.71267
1015,61,461125.331,368891.4900,9901991.057,1264.749,0.14921,-0.13553,-89.71687
1015,62,461130.482,369178.9820,9901991.236,1264.721,0.14992,-0.13085,-89.70921
1015,63,461135.709,369469.3310,9901990.676,1265.714,0.14898,-0.13153,-89.70598
1015,64,461140.933,369759.5820,9901990.17,1265.273,0.13835,-0.13264,-89.71358
1015,65,461146.071,370046.6370,9901990.116,1265.85,0.14157,-0.1322,-89.71563
1015,66,461151.216,370336.5300,9901991.322,1265.098,0.14079,-0.13363,-89.70535
1015,67,461156.375,370626.3720,9901991.747,1265.255,0.13312,-0.13153,-89.70617
1015,68,461161.469,370911.5520,9901991.831,1265.332,0.13695,-0.13254,-89.70145
1015,69,461166.651,371201.7490,9901990.297,1263.77,0.14136,-0.13559,-89.71762
1015,70,461172.003,371501.0260,9901990.044,1264.038,0.1455,-0.13348,-89.71104
1015,71,461177.391,371800.6330,9901988.759,1264.601,0.14928,-0.13444,-89.70963
1015,72,461182.872,372103.3910,9901986.958,1264.902,0.13932,-0.12975,-89.71885
1015,73,461188.165,372394.5690,9901985.46,1264.169,0.14801,-0.12831,-89.70673
1015,74,461193.664,372693.8340,9901985.985,1263.965,0.13803,-0.13469,-89.73765
1015,75,461199.112,372989.4650,9901986.972,1264.15,0.14342,-0.13011,-89.70162
1015,76,461204.611,373288.7760,9901988.53,1264.493,0.13316,-0.12872,-89.72498
1015,77,461210.011,373585.0680,9901988.197,1265.441,0.15129,-0.13567,-89.70927
1015,78,461215.381,373883.5400,9901988.174,1265.445,0.15059,-0.13001,-89.69414
1015,79,461220.559,374176.0490,9901988.096,1265.22,0.15081,-0.13363,-89.72858
1015,80,461225.686,374467.6300,9901987.449,1264.647,0.12846,-0.13174,-89.72468
1015,81,461230.804,374758.3540,9901987.415,1265.488,0.14856,-0.13372,-89.72222
1015,82,461235.895,375049.8420,9901987.682,1265.269,0.1314,-0.13226,-89.71064
1015,83,461240.931,375339.7700,9901987.773,1266.103,0.13449,-0.13041,-89.70959
1015,84,461245.962,375630.2250,9901989.199,1265.995,0.14276,-0.1374,-89.7147
1015,85,461250.965,375920.4670,9901990.569,1264.765,0.14825,-0.1287,-89.71197
1015,86,461255.947,376210.0520,9901990.834,1264.39,0.14243,-0.13254,-89.72136
1015,87,461260.966,376500.2120,9901990.281,1264.301,0.14517,-0.13478,-89.71591
1015,88,461266.036,376790.4040,9901990.6,1264.269,0.14419,-0.13297,-89.71612
1015,89,461271.145,377080.5730,9901990.967,1264.833,0.13361,-0.1304,-89.71118
1015,90,461276.276,377370.4670,9901991.542,1263.545,0.14504,-0.13325,-89.71273
1015,91,461281.658,377671.9470,9901992.289,1263.651,0.14368,-0.13204,-89.70706
1015,92,461287.065,377973.3580,9901993.509,1264.383,0.14323,-0.1316,-89.71434
1015,93,461292.450,378273.1790,9901994.283,1264.33,0.14446,-0.13399,-89.71146
1015,94,461297.723,378567.3870,9901994.937,1264.167,0.14636,-0.12991,-89.71319
1015,95,461303.083,378866.1490,9901994.539,1264.872,0.13905,-0.1283,-89.70955
1015,96,461308.445,379165.5980,9901993.087,1265.289,0.14308,-0.13682,-89.70929
1015,97,461313.640,379457.6410,9901991.44,1264.979,0.14034,-0.13636,-89.71508
1015,98,461318.794,379749.1380,9901991.008,1264.206,0.13992,-0.12951,-89.70644
1015,99,461323.837,380034.7450,9901990.97,1264.524,0.14118,-0.13368,-89.72065
1015,100,461328.888,380321.0000,9901991.284,1264.748,0.14066,-0.13161,-89.72198
1015,101,461333.891,380604.1050,9901991.34,1264.982,0.14428,-0.12895,-89.71951
1015,102,461338.990,380893.6830,9901991.471,1265.51,0.13688,-0.13013,-89.71281
1015,103,461343.966,381179.3420,9901990.856,1265.873,0.1361,-0.13399,-89.72458
1015,104,461348.722,381454.8040,9901989.292,1266.025,0.14056,-0.13309,-89.72726
1015,105,461353.589,381737.8330,9901987.273,1265.69,0.14075,-0.13223,-89.72149
1015,106,461358.429,382018.7050,9901986.162,1265.018,0.13646,-0.13123,-89.723
1015,107,461363.292,382299.0050,9901985.948,1264.493,0.13782,-0.13278,-89.7232
1015,108,461368.140,382575.4630,9901986.927,1263.865,0.14304,-0.13202,-89.7244
1015,109,461372.931,382846.0400,9901988.998,1263.744,0.14215,-0.13263,-89.71984
1015,110,461377.854,383122.1330,9901991.551,1264.182,0.13799,-0.13342,-89.72835
1015,111,461382.946,383406.5730,9901993.613,1264.38,0.13413,-0.13411,-89.72688
1015,112,461388.037,383690.4620,9901994.455,1264.085,0.14166,-0.13535,-89.72632
1041,1,25304.782,351410.4080,9887713.79,1287.029,-0.13928,0.13325,90.14834
1041,2,25300.365,351676.2990,9887713.134,1289.464,-0.13413,0.13398,90.15227
1041,3,25296.058,351942.4200,9887712.83,1292.063,-0.1389,0.13027,90.15566
1041,4,25291.715,352210.7720,9887710.881,1294.008,-0.15341,0.13447,90.13708
1041,5,25287.306,352476.3710,9887706.237,1295.218,-0.13544,0.13249,90.12809
1041,6,25282.732,352742.8050,9887703.963,1292.455,-0.14705,0.12869,90.14725
1041,7,25278.174,353003.6800,9887706.062,1288.323,-0.13545,0.13389,90.1398
1041,8,25273.809,353255.6400,9887705.889,1289.012,-0.12581,0.1301,90.10405
1041,9,25269.502,353506.6000,9887707.59,1289.566,-0.13007,0.13219,90.10601
1041,10,25265.245,353756.1350,9887710.687,1289.131,-0.13245,0.1283,90.10454
1041,11,25260.988,354006.9390,9887715.216,1289.727,-0.12674,0.13036,90.11763
1041,12,25256.829,354252.0370,9887716.977,1290.044,-0.13988,0.13301,90.13723
1041,13,25252.640,354498.1860,9887715.396,1289.645,-0.1396,0.12903,90.14872
1041,14,25248.073,354766.2150,9887716.479,1291.044,-0.13582,0.13168,90.11306
1041,15,25243.487,355034.0300,9887716.744,1291.46,-0.13276,0.13357,90.14096
1041,16,25238.382,355326.1530,9887714.081,1289.829,-0.14356,0.12287,90.15857
1041,17,25233.290,355610.1700,9887711.318,1289.489,-0.12012,0.12971,90.11327
1041,18,25228.389,355879.7640,9887708.015,1288.747,-0.13677,0.12676,90.17827
1041,19,25223.768,356130.6750,9887708.815,1287.042,-0.13097,0.12185,90.15351
1041,20,25218.848,356396.8360,9887710.074,1286.924,-0.14714,0.11814,90.18932
1041,21,25214.211,356649.7070,9887710.497,1287.038,-0.14349,0.11952,90.16135
1041,22,25209.368,356914.9440,9887710.886,1286.622,-0.14434,0.11482,90.16868
1041,23,25204.687,357173.2160,9887711.202,1287.854,-0.11938,0.12407,90.15142
1041,24,25199.814,357443.3550,9887711.873,1288.214,-0.13821,0.11926,90.15928
1041,25,25194.736,357725.3010,9887713.559,1288.71,-0.14564,0.12438,90.16134
1041,26,25189.700,358005.3390,9887714.83,1287.903,-0.14363,0.12105,90.17522
1041,27,25184.857,358276.4480,9887716.208,1287.375,-0.13382,0.12157,90.17113
1041,28,25179.990,358550.6890,9887719.098,1287.918,-0.12918,0.12922,90.19316
1041,29,25174.739,358848.5060,9887718.949,1288.287,-0.13601,0.12945,90.21269
1041,30,25169.579,359143.1350,9887716.03,1289.062,-0.12659,0.12772,90.22496
1041,31,25164.437,359439.4980,9887714.017,1288.333,-0.13607,0.12802,90.20587
1041,32,25159.311,359735.1770,9887715.415,1288.729,-0.11952,0.13292,90.18792
1041,33,25154.112,360033.0360,9887714.811,1289.189,-0.13258,0.12795,90.21634
1041,34,25148.963,360325.9690,9887715.188,1288.552,-0.13403,0.12767,90.24101
1041,35,25143.652,360624.2030,9887717.025,1288.557,-0.13796,0.12744,90.22504
1041,36,25138.274,360922.0080,9887716.202,1288.64,-0.13621,0.12112,90.22724
1041,37,25132.937,361217.0880,9887715.912,1289.275,-0.14201,0.12299,90.23409
1041,38,25127.718,361506.5530,9887716.203,1288.673,-0.14721,0.119,90.25008
1041,39,25122.602,361792.9920,9887716.917,1288.404,-0.15137,0.12249,90.24116
1041,40,25117.485,362081.0210,9887717.618,1288.627,-0.14483,0.12112,90.24538
1041,41,25112.394,362368.2910,9887716.786,1288.776,-0.14406,0.12282,90.23939
1041,42,25107.331,362653.6970,9887716.381,1288.821,-0.13608,0.12109,90.24587
1041,43,25101.793,362965.0830,9887716.539,1288.742,-0.13584,0.12172,90.24518
1041,44,25096.523,363260.9850,9887716.198,1288.68,-0.14246,0.11936,90.24405
1041,45,25091.187,363562.0410,9887716.073,1288.282,-0.14319,0.12243,90.2521
1041,46,25085.999,363857.2720,9887716.617,1288.185,-0.14453,0.12338,90.26167
1041,47,25080.787,364155.8240,9887717.029,1288.422,-0.14827,0.11851,90.26411
1041,48,25075.712,364448.6450,9887716.974,1288.863,-0.13831,0.12294,90.2611
1041,49,25070.680,364741.6770,9887717.225,1289.495,-0.13992,0.12218,90.26235
1041,50,25065.705,365032.8130,9887717.698,1289.917,-0.14078,0.12092,90.26954
1041,51,25060.705,365324.7610,9887717.702,1290.041,-0.13926,0.11789,90.26349
1041,52,25055.676,365617.0570,9887717.092,1290.141,-0.13866,0.12471,90.26604
1041,53,25050.608,365910.2980,9887716.212,1289.728,-0.14167,0.12248,90.26762
1041,54,25045.565,366201.1640,9887715.704,1289.944,-0.13852,0.12554,90.26997
1041,55,25040.455,366493.9550,9887716.157,1289.811,-0.15198,0.1161,90.27788
1041,56,25035.313,366786.0290,9887715.788,1288.927,-0.14087,0.12014,90.26592
1041,57,25030.145,367078.1820,9887715.406,1289.421,-0.14419,0.1175,90.27376
1041,58,25025.116,367360.4340,9887715.414,1289.519,-0.14666,0.12066,90.28656
1041,59,25020.048,367641.4900,9887715.055,1289.146,-0.14195,0.11821,90.27918
1041,60,25014.893,367923.6570,9887715.335,1288.633,-0.15553,0.11741,90.29057
1041,61,25009.831,368200.4850,9887714.402,1289.364,-0.13897,0.12129,90.27083
1041,62,25004.848,368473.3970,9887714.262,1288.764,-0.14524,0.12293,90.2651
1041,63,24999.616,368761.8790,9887715.11,1288.445,-0.14778,0.12333,90.27473
1041,64,24994.589,369039.8720,9887715.324,1288.315,-0.14426,0.12634,90.26776
1041,65,24989.569,369318.3960,9887715.774,1288.281,-0.14567,0.12121,90.27419
1041,66,24984.650,369593.4280,9887715.962,1288.155,-0.14284,0.12598,90.26725
1041,67,24979.596,369877.0030,9887716.164,1288.81,-0.1463,0.11959,90.26456
1041,68,24974.550,370160.4330,9887715.432,1289.533,-0.14525,0.1203,90.26695
1041,69,24969.584,370438.8490,9887715.093,1288.924,-0.13688,0.11623,90.28257
1041,70,24964.593,370717.4610,9887715.235,1288.914,-0.14776,0.11975,90.25619
1041,71,24959.560,370996.0260,9887713.712,1289.273,-0.14872,0.11911,90.27196
1041,72,24954.280,371286.3530,9887713.813,1288.314,-0.14145,0.11736,90.27665
1041,73,24949.022,371573.7900,9887715.057,1287.089,-0.14241,0.12138,90.27509
1041,74,24943.726,371864.1660,9887716.814,1287.55,-0.13782,0.12682,90.26055
1041,75,24938.684,372140.9030,9887716.876,1288.852,-0.14627,0.12215,90.26417
1041,76,24933.591,372419.5910,9887717.632,1288.994,-0.14409,0.11925,90.27877
1041,77,24928.579,372692.5940,9887718.023,1287.953,-0.14727,0.11844,90.26956
1041,78,24923.375,372978.5130,9887717.469,1288.819,-0.14261,0.11941,90.26257
1041,79,24918.812,373230.1070,9887717.243,1288.938,-0.14357,0.12053,90.27891
1041,80,24914.095,373491.0440,9887715.528,1288.585,-0.14722,0.11985,90.28602
1041,81,24909.175,373765.2430,9887713.61,1287.966,-0.1432,0.11473,90.28217
1041,82,24904.342,374036.7260,9887711.321,1288.656,-0.14546,0.11706,90.26742
1041,83,24899.914,374286.9050,9887708.7,1288.911,-0.13295,0.11358,90.28713
1041,84,24895.547,374533.8880,9887709.236,1288.869,-0.15283,0.1167,90.28249
1041,85,24891.159,374781.3370,9887710.16,1288.536,-0.1466,0.11568,90.2877
1041,86,24886.438,375047.8000,9887711.051,1288.603,-0.14454,0.12018,90.28055
1041,87,24882.373,375276.9570,9887711.427,1288.98,-0.14173,0.11611,90.29251
1041,88,24878.247,375508.9260,9887711.817,1288.519,-0.14384,0.11622,90.2877
1041,89,24874.173,375738.6010,9887712.109,1288.25,-0.1444,0.11554,90.27686
1041,90,24870.115,375968.3600,9887713.407,1288.073,-0.15058,0.11482,90.28235
1041,91,24866.270,376186.7340,9887714.698,1287.982,-0.14357,0.11864,90.28165
1041,92,24862.198,376418.7040,9887715.116,1288.31,-0.14827,0.11848,90.28266
1041,93,24858.214,376645.8950,9887715.01,1288.532,-0.14184,0.11857,90.2817
1041,94,24854.061,376882.4950,9887715.273,1289.272,-0.14475,0.11714,90.27856
1041,95,24849.934,377116.3120,9887716.155,1289.339,-0.14803,0.11853,90.27857
1041,96,24845.649,377358.3190,9887717.219,1289.324,-0.14762,0.11481,90.28433
1041,97,24841.154,377611.5400,9887717.669,1288.429,-0.13986,0.12168,90.28763
1041,98,24836.660,377864.8610,9887719.508,1287.761,-0.14471,0.11941,90.28154
1041,99,24832.324,378111.1400,9887720.963,1286.914,-0.13422,0.11747,90.28403
1041,100,24828.019,378357.4750,9887721.858,1286.893,-0.13378,0.11949,90.26725
1041,101,24823.693,378605.2100,9887723.345,1288.323,-0.14516,0.11522,90.28007
1041,102,24819.084,378866.4830,9887724.029,1288.629,-0.16925,0.11369,90.31673
1041,103,24814.473,379125.6650,9887723.099,1289.166,-0.14893,0.11491,90.29678
1041,104,24809.662,379397.2530,9887722.25,1288.044,-0.14174,0.11492,90.28135
1041,105,24804.801,379672.5020,9887722.58,1287.641,-0.14589,0.11479,90.27892
1041,106,24800.053,379943.4570,9887722.283,1288.416,-0.14803,0.11386,90.29511
1041,107,24795.283,380217.8640,9887721.657,1286.63,-0.139,0.11522,90.29228
1041,108,24790.661,380487.3100,9887719.271,1286.033,-0.15149,0.11059,90.29371
1041,109,24786.074,380758.4470,9887717.321,1288.123,-0.13706,0.117,90.29662
1041,110,24781.546,381026.0050,9887716.234,1289.606,-0.13208,0.11868,90.28864
1041,111,24776.953,381292.7080,9887716.227,1288.277,-0.13861,0.11235,90.28341
1041,112,24771.980,381576.1830,9887715.212,1289.071,-0.11064,0.11319,90.26144
1041,113,24767.003,381855.5900,9887715.998,1289.457,-0.14182,0.11523,90.28115
1041,114,24762.007,382132.8040,9887717.779,1288.602,-0.14502,0.11683,90.29337
1041,115,24757.017,382409.1480,9887718.315,1288.762,-0.14637,0.11184,90.29593
1041,116,24751.955,382687.6830,9887719.276,1288.891,-0.14508,0.11108,90.28898
1041,117,24746.932,382964.5000,9887719.47,1288.255,-0.13161,0.11152,90.28181
1041,118,24741.740,383254.0360,9887719.743,1288.55,-0.15277,0.12057,90.28971
1041,119,24736.666,383539.9090,9887719.782,1288.911,-0.14051,0.11291,90.29396
1042,1,25492.562,351398.4710,9887213.682,1288.579,0.15379,-0.13261,-89.679
1042,2,25497.305,351668.6550,9887213.24,1287.457,0.13672,-0.12818,-89.67793
1042,3,25501.939,351928.1630,9887213.6,1288.914,0.13915,-0.12794,-89.67885
1042,4,25506.692,352191.3730,9887213.062,1288.911,0.13381,-0.12408,-89.6777
1042,5,25511.271,352444.6540,9887211.687,1289.976,0.13442,-0.13008,-89.67053
1042,6,25515.606,352688.2780,9887210.298,1292.334,0.14605,-0.12595,-89.67915
1042,7,25519.835,352931.7410,9887210.461,1291.055,0.11256,-0.1274,-89.68241
1042,8,25524.360,353193.7920,9887212.035,1289.612,0.10461,-0.12705,-89.68745
1042,9,25528.567,353435.8370,9887212.43,1288.081,0.12787,-0.12411,-89.68376
1042,10,25533.131,353694.9570,9887212.993,1288.658,0.13611,-0.12759,-89.68244
1042,11,25537.685,353950.2230,9887213.342,1289.222,0.13682,-0.12226,-89.68063
1042,12,25542.131,354198.1880,9887213.422,1288.897,0.13928,-0.13002,-89.68054
1042,13,25546.955,354466.8810,9887213.178,1289.562,0.13972,-0.12392,-89.67732
1042,14,25551.878,354742.5030,9887212.134,1289.949,0.13621,-0.12697,-89.68176
1042,15,25556.547,355005.7980,9887210.431,1289.447,0.13977,-0.12449,-89.67514
1042,16,25561.507,355286.7500,9887213.151,1289.755,0.13966,-0.12981,-89.687
1042,17,25566.259,355556.9010,9887216.846,1289.864,0.13167,-0.12741,-89.68077
1042,18,25570.856,355819.0910,9887219.231,1289.518,0.13484,-0.12173,-89.68333
1042,19,25575.440,356080.4890,9887220.586,1289.307,0.1405,-0.125,-89.68505
1042,20,25580.044,356341.6590,9887220.778,1289.001,0.13157,-0.12787,-89.67898
1042,21,25584.914,356615.6960,9887220.692,1288.946,0.13308,-0.12597,-89.68516
1042,22,25589.550,356875.2640,9887220.403,1288.679,0.13632,-0.12567,-89.68614
1042,23,25594.207,357135.1350,9887219.376,1289.043,0.127,-0.12879,-89.69214
1042,24,25599.163,357412.1530,9887218.227,1288.847,0.13151,-0.12929,-89.68479
1042,25,25604.096,357688.9420,9887217.613,1288.916,0.14304,-0.12474,-89.67786
1042,26,25609.012,357966.0360,9887216.66,1289.334,0.13385,-0.12639,-89.68363
1042,27,25613.917,358243.0780,9887215.29,1289.388,0.13429,-0.12693,-89.68429
1042,28,25619.077,358534.4720,9887213.725,1289.08,0.13478,-0.12603,-89.68047
1042,29,25624.234,358826.6820,9887214.52,1289.786,0.13884,-0.12629,-89.69402
1042,30,25629.309,359116.9670,9887217.869,1289.92,0.13252,-0.12747,-89.6885
1042,31,25634.353,359408.4800,9887220.094,1289.417,0.12627,-0.12369,-89.6844
1042,32,25639.357,359698.9710,9887221.518,1290.132,0.13766,-0.12757,-89.68647
1042,33,25644.396,359990.7130,9887221.531,1290.04,0.1274,-0.12783,-89.6918
1042,34,25649.610,360291.1440,9887220.919,1289.05,0.13744,-0.12542,-89.69038
1042,35,25654.899,360592.5020,9887219.753,1288.232,0.13475,-0.1273,-89.68762
1042,36,25660.207,360890.8210,9887219.056,1288.765,0.12533,-0.12315,-89.69189
1042,37,25665.546,361187.7050,9887217.747,1289.345,0.13688,-0.13016,-89.68704
1042,38,25670.870,361481.8720,9887216.992,1288.421,0.13503,-0.12504,-89.68829
1042,39,25676.285,361778.2760,9887214.644,1288.145,0.14285,-0.12303,-89.69051
1042,40,25681.821,362080.7870,9887213.641,1288.905,0.12515,-0.12666,-89.69108
1042,41,25687.043,362369.2640,9887214.922,1289.314,0.13196,-0.12949,-89.6945
1042,42,25692.301,362665.0230,9887215.829,1289.545,0.13932,-0.12681,-89.68556
1042,43,25697.447,362958.6100,9887215.448,1289.944,0.13856,-0.12759,-89.6906
1042,44,25702.560,363253.6840,9887215.132,1289.604,0.12914,-0.12785,-89.68713
1042,45,25707.614,363548.2310,9887216.976,1289.635,0.13982,-0.12578,-89.68725
1042,46,25712.676,363842.8720,9887219.851,1289.401,0.12547,-0.12644,-89.69067
1042,47,25717.773,364138.0520,9887220.515,1289.639,0.13557,-0.12685,-89.68784
1042,48,25722.780,364427.1900,9887219.92,1289.423,0.13242,-0.12735,-89.6959
1042,49,25727.881,364719.4580,9887218.971,1288.538,0.13656,-0.12465,-89.6846
1042,50,25733.016,365010.0280,9887218.067,1288.244,0.12424,-0.13028,-89.68947
1042,51,25738.260,365304.8710,9887217.997,1288.318,0.1401,-0.12901,-89.68732
1042,52,25743.379,365591.7710,9887218.442,1290.1,0.12707,-0.12849,-89.69251
1042,53,25748.543,365883.0350,9887217.166,1290.322,0.13313,-0.13041,-89.6882
1042,54,25753.635,366174.4120,9887216.879,1289.641,0.13821,-0.12421,-89.6711
1042,55,25758.641,366464.4160,9887213.794,1290.095,0.12413,-0.12717,-89.69854
1042,56,25763.492,366747.4780,9887212.44,1290.472,0.13369,-0.12888,-89.69512
1042,57,25768.337,367030.5740,9887215.663,1290.995,0.12179,-0.12761,-89.69319
1042,58,25773.062,367305.7600,9887218.039,1290.479,0.1316,-0.12406,-89.69411
1042,59,25777.832,367580.6430,9887219.642,1289.979,0.1315,-0.12779,-89.68495
1042,60,25782.674,367855.2460,9887221.613,1289.485,0.14321,-0.12917,-89.6924
1042,61,25787.727,368140.6360,9887222.605,1289.247,0.14176,-0.12491,-89.66548
1042,62,25792.634,368417.6770,9887220.666,1289.336,0.12335,-0.12866,-89.68595
1042,63,25797.451,368688.4220,9887217.38,1289.386,0.15005,-0.12732,-89.68523
1042,64,25802.215,368954.9340,9887217.842,1288.108,0.13261,-0.12882,-89.70276
1042,65,25807.282,369236.0280,9887221.996,1287.337,0.13265,-0.1281,-89.69807
1042,66,25812.334,369513.3120,9887225.992,1287.551,0.13491,-0.12589,-89.69697
1042,67,25817.390,369790.2870,9887227.769,1288.467,0.13253,-0.12657,-89.70262
1042,68,25822.406,370066.5810,9887228.767,1288.891,0.12649,-0.12288,-89.70921
1042,69,25827.440,370344.4150,9887228.082,1290.401,0.13199,-0.12502,-89.71074
1042,70,25832.234,370610.1170,9887226.499,1290.577,0.12896,-0.12922,-89.70985
1042,71,25837.295,370894.1690,9887224.472,1290.123,0.13791,-0.12857,-89.72372
1042,72,25842.161,371171.3180,9887222.482,1290.517,0.12084,-0.13174,-89.70729
1042,73,25846.924,371447.1400,9887220.42,1291.004,0.14159,-0.13177,-89.70885
1042,74,25851.911,371738.3870,9887218.575,1290.502,0.12136,-0.13484,-89.70413
1042,75,25856.640,372012.0700,9887217.677,1289.498,0.13006,-0.13023,-89.70155
1042,76,25861.139,372269.7640,9887220.212,1288.419,0.13236,-0.12667,-89.72005
1042,77,25865.383,372510.2300,9887222.752,1288.462,0.13178,-0.12574,-89.70903
1042,78,25869.860,372760.8410,9887224.751,1288.836,0.13162,-0.12813,-89.70622
1042,79,25874.288,373006.2800,9887225.731,1288.812,0.1292,-0.12764,-89.71014
1042,80,25878.754,373251.9350,9887226.168,1287.621,0.1282,-0.12488,-89.70889
1042,81,25883.238,373497.2710,9887224.8,1287.197,0.13489,-0.12951,-89.69629
1042,82,25887.731,373743.0040,9887223.615,1288.73,0.12881,-0.12801,-89.70462
1042,83,25892.366,373999.0160,9887223.038,1289.635,0.13692,-0.12677,-89.71246
1042,84,25896.907,374254.6460,9887223.302,1289.948,0.12921,-0.13177,-89.70623
1042,85,25901.170,374499.1880,9887222.599,1290.364,0.12961,-0.12443,-89.70577
1042,86,25905.536,374752.1730,9887221.783,1290.375,0.13111,-0.12857,-89.69701
1042,87,25909.724,374995.9180,9887221.851,1289.599,0.12802,-0.12808,-89.70431
1042,88,25913.906,375238.8760,9887220.918,1288.778,0.14192,-0.12692,-89.71357
1042,89,25917.901,375468.8460,9887219.658,1288.429,0.12832,-0.12802,-89.68848
1042,90,25921.937,375698.3470,9887220.602,1288.886,0.12862,-0.13125,-89.68521
1042,91,25926.006,375927.9120,9887222.148,1290.666,0.12846,-0.13147,-89.70987
1042,92,25930.052,376158.7320,9887222.168,1293.087,0.14093,-0.12632,-89.71212
1042,93,25933.961,376386.9000,9887220.583,1289.856,0.11383,-0.12886,-89.69855
1042,94,25937.876,376616.0700,9887217.517,1288.965,0.13187,-0.12662,-89.70554
1042,95,25941.987,376854.2560,9887217.297,1289.191,0.12476,-0.12648,-89.70936
1042,96,25946.325,377102.0220,9887219.388,1288.802,0.13387,-0.12466,-89.7093
1042,97,25950.690,377348.1330,9887221.786,1288.743,0.13718,-0.1243,-89.7
1042,98,25955.042,377591.9630,9887223.295,1288.849,0.13239,-0.1293,-89.70475
1042,99,25959.426,377836.4390,9887223.665,1289.417,0.13107,-0.13035,-89.70431
1042,100,25963.981,378090.0360,9887223.521,1288.841,0.13988,-0.12703,-89.7003
1042,101,25968.548,378344.0410,9887224.067,1288.548,0.13442,-0.12988,-89.70938
1042,102,25973.089,378596.2840,9887224.179,1288.027,0.13403,-0.12488,-89.70996
1042,103,25977.610,378846.8390,9887223.826,1287.448,0.12673,-0.12779,-89.70818
1042,104,25982.492,379114.6210,9887222.63,1287.378,0.12351,-0.12981,-89.71581
1042,105,25987.172,379369.1400,9887221.447,1289.175,0.12931,-0.12569,-89.69736
1042,106,25992.160,379644.7230,9887220.645,1289.454,0.13452,-0.13201,-89.72096
1042,107,25997.016,379917.7120,9887222.811,1289.104,0.13552,-0.13031,-89.73895
1042,108,26001.805,380190.3920,9887225.08,1290.489,0.13128,-0.12943,-89.71734
1042,109,26006.452,380461.4170,9887228.125,1290.905,0.11742,-0.12772,-89.69596
1042,110,26011.026,380731.7090,9887226.182,1290.848,0.12822,-0.127,-89.70992
1042,111,26015.617,381004.0000,9887224.657,1290.579,0.13472,-0.12467,-89.70853
1042,112,26020.242,381275.8300,9887223.78,1290.157,0.12819,-0.13212,-89.70139
1042,113,26025.086,381555.7690,9887223.85,1289.544,0.13837,-0.1354,-89.6958
1042,114,26029.900,381830.7380,9887223.214,1289.131,0.12852,-0.12957,-89.69631
1042,115,26034.799,382106.8810,9887222.768,1289.23,0.12944,-0.12812,-89.68316
1042,116,26039.677,382381.9180,9887221.472,1289.327,0.12936,-0.12845,-89.69704
1042,117,26044.497,382657.0290,9887220.808,1289.83,0.12188,-0.12795,-89.6831
1042,118,26049.410,382942.4030,9887223.36,1290.292,0.11541,-0.12995,-89.69001
1042,119,26054.311,383231.1770,9887227.017,1289.383,0.12663,-0.12316,-89.69312
1042,120,26059.183,383516.1350,9887226.265,1285.832,0.12474,-0.13281,-89.66999
1043,1,26811.511,351410.3310,9886725.628,1292.607,-0.14149,0.13736,90.20911
1043,2,26806.651,351688.5020,9886726.928,1292.855,-0.139,0.13807,90.21679
1043,3,26801.978,351960.1800,9886727.66,1292.511,-0.14246,0.13475,90.22248
1043,4,26797.520,352219.7490,9886728.454,1292.646,-0.14119,0.13284,90.22282
1043,5,26793.174,352471.0320,9886729.497,1293.078,-0.14174,0.13387,90.21575
1043,6,26788.863,352717.8470,9886729.365,1293.444,-0.13914,0.13198,90.22753
1043,7,26784.487,352965.1270,9886729.323,1292.669,-0.14138,0.13206,90.22925
1043,8,26780.041,353213.3690,9886729.488,1291.722,-0.14316,0.13355,90.22923
1043,9,26775.772,353449.2370,9886729.296,1290.658,-0.13919,0.13058,90.22143
1043,10,26771.036,353709.9060,9886728.414,1290.706,-0.14714,0.12941,90.22629
1043,11,26766.275,353972.1220,9886727.634,1291.163,-0.14286,0.13065,90.22855
1043,12,26761.346,354244.2180,9886726.694,1290.073,-0.1421,0.13085,90.22003
1043,13,26756.468,354516.8180,9886726.287,1290.205,-0.14083,0.13007,90.23526
1043,14,26751.682,354789.2680,9886726.804,1291.39,-0.13372,0.13476,90.22364
1043,15,26746.980,355061.2860,9886728.399,1292.487,-0.138,0.1339,90.21989
1043,16,26742.486,355323.1710,9886729.35,1292.876,-0.13962,0.13145,90.22968
1043,17,26737.974,355583.5860,9886730.162,1292.647,-0.13143,0.13278,90.2356
1043,18,26733.143,355858.4900,9886730.533,1292.718,-0.14569,0.12981,90.22821
1043,19,26728.574,356114.5610,9886730.376,1292.706,-0.14589,0.12905,90.23351
1043,20,26723.779,356381.7460,9886727.648,1292.486,-0.13955,0.12728,90.23642
1043,21,26718.966,356649.5010,9886726.111,1291.052,-0.13432,0.13583,90.21676
1043,22,26714.267,356909.3400,9886724.442,1291.071,-0.14349,0.13437,90.20857
1043,23,26709.557,357169.9060,9886722.85,1291.626,-0.13828,0.12926,90.23534
1043,24,26704.705,357442.2340,9886721.699,1291.886,-0.14397,0.12887,90.23131
1043,25,26699.408,357742.5250,9886722.746,1291.051,-0.13029,0.13298,90.23101
1043,26,26694.137,358037.4880,9886724.69,1291.454,-0.14748,0.131,90.23801
1043,27,26688.798,358331.6980,9886725.489,1290.612,-0.13179,0.13158,90.22777
1043,28,26683.446,358626.3100,9886724.109,1290.097,-0.14343,0.12998,90.24245
1043,29,26678.201,358920.0080,9886723.797,1291.15,-0.14293,0.13527,90.22316
1043,30,26672.959,359216.0270,9886725.822,1292.343,-0.13555,0.13637,90.24493
1043,31,26667.825,359508.8270,9886725.194,1292.033,-0.15015,0.13197,90.24945
1043,32,26662.754,359802.2410,9886725.786,1291.434,-0.14318,0.13248,90.24193
1043,33,26657.645,360096.8610,9886726.59,1294.029,-0.14966,0.13239,90.25094
1043,34,26652.452,360390.4050,9886727.384,1292.146,-0.14293,0.12658,90.2445
1043,35,26647.161,360685.7750,9886729.098,1290.755,-0.14478,0.12688,90.26025
1043,36,26641.859,360979.3830,9886732.204,1289.751,-0.14953,0.12423,90.25213
1043,37,26636.588,361273.0030,9886734.336,1291.259,-0.16635,0.12516,90.24496
1043,38,26631.448,361560.9630,9886736.92,1292.937,-0.137,0.12859,90.25944
1043,39,26626.053,361862.8650,9886735.35,1292.963,-0.17372,0.12668,90.2777
1043,40,26620.806,362156.1780,9886730.34,1289.733,-0.15342,0.12706,90.27339
1043,41,26615.558,362451.9070,9886726.707,1287.955,-0.11532,0.13577,90.18753
1043,42,26610.496,362744.9980,9886726.245,1290.616,-0.14791,0.13482,90.25372
1043,43,26605.484,363038.3820,9886727.442,1294.438,-0.14144,0.13133,90.24997
1043,44,26600.520,363331.5700,9886728.947,1293.577,-0.13465,0.1296,90.24983
1043,45,26595.421,363626.7920,9886731.253,1292.58,-0.14051,0.13139,90.25697
1043,46,26590.253,363921.2350,9886732.401,1292.868,-0.14805,0.13183,90.24472
1043,47,26585.073,364214.7590,9886733.245,1292.17,-0.14629,0.13217,90.2531
1043,48,26579.917,364506.3780,9886732.889,1292.966,-0.14333,0.1318,90.25094
